Zipcode,Population,Median Age,Household Income,Per Capita Income,Poverty Count,Poverty Rate
46511,4254.0,46.9,52570.0,32929.0,348.0,8.180535966149506
46526,32513.0,36.0,54187.0,24312.0,4495.0,13.825239135115185
46528,27165.0,32.6,63537.0,26499.0,2439.0,8.978464936499172
46544,31359.0,38.0,47778.0,25268.0,4324.0,13.788704996970568
46553,3212.0,36.7,62829.0,24039.0,78.0,2.428393524283935
46571,5465.0,22.0,62857.0,20565.0,240.0,4.391582799634035
46595,129.0,19.6,58393.0,18072.0,38.0,29.45736434108527
46703,18292.0,41.6,55176.0,27845.0,1879.0,10.272250164006122
46705,1676.0,37.8,53500.0,28523.0,186.0,11.097852028639618
46714,14852.0,38.2,50000.0,25852.0,1730.0,11.648262860220846
46731,595.0,48.5,45868.0,28833.0,18.0,3.0252100840336134
46766,865.0,50.8,65491.0,32479.0,32.0,3.699421965317919
46767,8347.0,32.6,54775.0,23553.0,577.0,6.91266323229903
46011,17467.0,42.6,58000.0,28320.0,1885.0,10.791778782847656
46013,16988.0,41.1,40673.0,23761.0,2702.0,15.90534494937603
46041,22664.0,37.1,49926.0,23592.0,3111.0,13.726614895870103
47369,1327.0,44.7,44948.0,23177.0,189.0,14.242652599849285
47952,3056.0,45.0,42117.0,20802.0,529.0,17.31020942408377
47104,38.0,59.8,-666666666.0,60905.0,0.0,0.0
47110,840.0,30.5,66458.0,14961.0,20.0,2.380952380952381
47306,4982.0,19.5,-666666666.0,6821.0,8.0,0.16057808109193095
47324,162.0,39.8,31500.0,16527.0,46.0,28.395061728395063
47335,647.0,47.1,37857.0,24064.0,130.0,20.09273570324575
47367,23.0,-666666666.0,-666666666.0,,12.0,52.17391304347826
47388,287.0,37.5,37083.0,19114.0,54.0,18.81533101045296
47405,3821.0,19.3,-666666666.0,16483.0,0.0,0.0
47434,0.0,-666666666.0,-666666666.0,-666666666.0,0.0,
47437,148.0,66.6,-666666666.0,70870.0,17.0,11.486486486486486
47457,170.0,26.9,78500.0,24034.0,0.0,0.0
47458,28.0,46.5,-666666666.0,,0.0,0.0
47809,2723.0,19.6,-666666666.0,6479.0,0.0,0.0
47857,443.0,54.5,51771.0,18851.0,35.0,7.900677200902934
47869,94.0,46.1,63438.0,43787.0,0.0,0.0
47871,246.0,39.8,40000.0,21989.0,14.0,5.691056910569106
47880,43.0,17.8,-666666666.0,20086.0,0.0,0.0
47907,0.0,-666666666.0,-666666666.0,-666666666.0,0.0,
47382,245.0,43.7,30000.0,16193.0,51.0,20.816326530612244
47522,470.0,20.0,56688.0,17549.0,35.0,7.446808510638298
47574,285.0,49.3,75583.0,32097.0,0.0,0.0
47630,36245.0,40.1,80925.0,40330.0,1839.0,5.073803283211477
47805,12695.0,39.6,53495.0,26190.0,1477.0,11.634501772351319
47536,0.0,-666666666.0,-666666666.0,-666666666.0,0.0,
47537,998.0,48.3,78258.0,30722.0,88.0,8.817635270541082
47568,720.0,46.9,39896.0,23123.0,97.0,13.472222222222221
47576,346.0,40.2,78516.0,27134.0,90.0,26.01156069364162
47588,556.0,43.9,57321.0,30477.0,43.0,7.733812949640288
47590,419.0,61.1,32250.0,25687.0,50.0,11.933174224343675
47596,82.0,57.4,39531.0,19672.0,25.0,30.48780487804878
47616,282.0,43.5,-666666666.0,23398.0,37.0,13.120567375886525
47648,4242.0,40.1,59097.0,30211.0,304.0,7.166430928807166
47683,180.0,38.9,57054.0,24418.0,0.0,0.0
47708,329.0,55.1,-666666666.0,66383.0,65.0,19.756838905775076
47443,1332.0,37.6,50341.0,22874.0,231.0,17.34234234234234
47396,6813.0,40.4,53871.0,32103.0,748.0,10.979010714809922
47403,33370.0,34.2,51243.0,28002.0,4920.0,14.743781839976027
47432,4617.0,45.9,42064.0,23044.0,518.0,11.219406541043968
47452,5115.0,39.6,55417.0,24240.0,619.0,12.101661779081134
47464,221.0,43.7,31250.0,17550.0,54.0,24.43438914027149
47470,1724.0,43.4,54952.0,29056.0,290.0,16.82134570765661
46044,3068.0,41.0,54770.0,25133.0,243.0,7.920469361147327
46075,6544.0,30.0,79183.0,34148.0,417.0,6.3722493887530565
46111,185.0,42.1,36250.0,19114.0,19.0,10.27027027027027
46115,1873.0,46.9,53221.0,24922.0,378.0,20.1815269620929
46125,5.0,-666666666.0,-666666666.0,,0.0,0.0
46127,217.0,48.8,-666666666.0,42934.0,0.0,0.0
46149,2026.0,34.7,69375.0,28418.0,192.0,9.47680157946693
46157,4046.0,35.1,76926.0,30163.0,182.0,4.498269896193771
46171,1732.0,41.7,47152.0,22723.0,315.0,18.187066974595844
46806,26056.0,28.0,28490.0,13547.0,10155.0,38.97374884863371
46807,17348.0,32.7,47127.0,21886.0,3728.0,21.48950887710399
46910,3412.0,36.3,56477.0,24547.0,495.0,14.507620164126612
46919,2644.0,41.2,52380.0,26147.0,375.0,14.18305597579425
46931,161.0,50.3,37813.0,19529.0,32.0,19.875776397515526
46953,23518.0,33.9,33120.0,17374.0,5715.0,24.300535759843523
46040,11459.0,38.3,91023.0,44224.0,283.0,2.4696744916659394
46048,2191.0,33.1,51850.0,21342.0,336.0,15.335463258785943
46055,11934.0,37.1,104033.0,48327.0,192.0,1.6088486676721971
46070,2320.0,42.8,64688.0,29988.0,309.0,13.318965517241379
46071,3382.0,47.6,67222.0,32756.0,269.0,7.953873447664104
46077,28371.0,36.5,134644.0,60510.0,706.0,2.488456522505375
46106,6725.0,33.6,85496.0,42308.0,289.0,4.297397769516729
46117,690.0,44.6,85069.0,29133.0,0.0,0.0
46128,2000.0,43.8,65833.0,26717.0,124.0,6.2
46131,32371.0,38.5,60988.0,29153.0,3633.0,11.223008248123321
46133,742.0,49.3,61420.0,26364.0,73.0,9.838274932614555
46160,6535.0,48.4,58000.0,30585.0,836.0,12.79265493496557
46163,12768.0,42.5,90330.0,37601.0,575.0,4.50344611528822
46165,1477.0,50.0,62201.0,33495.0,63.0,4.265402843601896
46181,4788.0,42.6,73090.0,34039.0,207.0,4.323308270676692
46182,1433.0,52.6,54063.0,31052.0,67.0,4.675505931612003
46186,1759.0,44.5,69750.0,30535.0,226.0,12.848209209778283
46208,23081.0,30.7,34083.0,26399.0,6622.0,28.690264719899485
46219,37006.0,39.5,39772.0,24112.0,7098.0,19.180673404312813
46239,29584.0,34.3,72884.0,28110.0,1898.0,6.415630070308275
46241,31273.0,31.6,38102.0,17879.0,8361.0,26.73552265532568
46280,7490.0,41.0,62119.0,33920.0,655.0,8.744993324432576
46815,28548.0,37.1,54746.0,26851.0,2462.0,8.624071738825837
46803,9378.0,29.6,22023.0,11975.0,4419.0,47.12092130518234
47036,959.0,48.4,96667.0,34407.0,91.0,9.489051094890511
47060,5869.0,45.0,74394.0,33393.0,273.0,4.651559039018572
47120,725.0,29.4,56917.0,19183.0,185.0,25.517241379310345
47136,4711.0,43.1,69534.0,31091.0,119.0,2.526002971768202
47959,2898.0,37.0,44406.0,19636.0,583.0,20.117322291235336
47964,111.0,47.1,39688.0,20417.0,8.0,7.207207207207207
47968,1123.0,36.6,64688.0,26687.0,158.0,14.069456812110419
47993,3683.0,43.7,57337.0,27029.0,379.0,10.29052402932392
47143,3012.0,36.3,77331.0,34948.0,129.0,4.282868525896414
47164,4101.0,46.8,46875.0,26357.0,643.0,15.67910265788832
47167,14659.0,40.6,43731.0,23450.0,2061.0,14.05962207517566
47223,1195.0,45.6,56591.0,29473.0,67.0,5.606694560669456
47229,3122.0,38.3,46840.0,24856.0,250.0,8.00768737988469
47234,1622.0,42.6,59115.0,27534.0,22.0,1.3563501849568433
47246,4339.0,40.8,63315.0,28610.0,202.0,4.655450564646232
47264,1315.0,48.3,54079.0,26469.0,157.0,11.939163498098859
46804,28780.0,40.4,69605.0,39550.0,2015.0,7.001389854065323
46808,19386.0,33.8,39563.0,22467.0,3189.0,16.450015475085113
46917,1657.0,44.4,48563.0,24742.0,250.0,15.087507543753771
46920,1085.0,40.6,64875.0,29436.0,66.0,6.082949308755761
46928,4477.0,42.4,47332.0,23790.0,656.0,14.652669198123744
46554,4963.0,43.8,58073.0,27312.0,410.0,8.261132379609107
46555,2559.0,52.4,50417.0,30878.0,119.0,4.650254005470887
46574,9369.0,43.7,58368.0,27188.0,810.0,8.645533141210375
46590,4921.0,30.6,63157.0,27979.0,364.0,7.396870554765291
46706,18298.0,40.7,54368.0,29877.0,1500.0,8.197617225926331
46723,7878.0,40.5,62561.0,32656.0,567.0,7.197258187357197
46730,1021.0,50.8,62386.0,31768.0,75.0,7.345739471106758
46773,3351.0,42.4,62143.0,27888.0,163.0,4.864219635929573
46774,17456.0,37.3,55613.0,23888.0,1435.0,8.220669110907425
46788,3618.0,34.4,66471.0,31461.0,617.0,17.053620784964068
46791,1104.0,39.8,64833.0,33174.0,81.0,7.336956521739131
46798,1490.0,44.8,61250.0,29949.0,60.0,4.026845637583893
46835,34749.0,36.2,61052.0,30863.0,3484.0,10.026187803965582
46901,40357.0,40.1,46503.0,24598.0,7542.0,18.688207745868127
46902,35403.0,42.2,50685.0,27945.0,5421.0,15.312261672739599
46051,2756.0,43.6,52955.0,31156.0,308.0,11.175616835994195
46064,17493.0,38.5,79802.0,28930.0,850.0,4.859086491739553
46074,33114.0,34.7,98643.0,40872.0,1914.0,5.780032614604095
46124,8564.0,38.4,52917.0,23658.0,1322.0,15.436711816907987
46155,185.0,31.4,52311.0,21625.0,0.0,0.0
46161,2958.0,42.0,75438.0,29940.0,162.0,5.476673427991886
46164,4420.0,46.0,76000.0,36809.0,506.0,11.447963800904978
46167,6572.0,39.6,80350.0,36691.0,165.0,2.5106512477175897
46375,23484.0,44.7,72690.0,39330.0,719.0,3.061659001873616
46403,13567.0,40.6,38496.0,23849.0,3795.0,27.972285693226212
46504,3669.0,38.7,54650.0,24410.0,278.0,7.576996456800218
46539,2540.0,38.7,52143.0,24851.0,260.0,10.236220472440944
46552,6846.0,41.1,61016.0,32226.0,735.0,10.736196319018404
46561,13593.0,37.1,74298.0,26785.0,1133.0,8.33517251526521
46345,177.0,40.4,50938.0,18683.0,63.0,35.59322033898305
46738,8544.0,36.8,44086.0,23363.0,1405.0,16.44428838951311
46745,2120.0,43.3,55993.0,26807.0,152.0,7.169811320754717
46755,15253.0,39.7,48977.0,24430.0,1286.0,8.431128302628991
46772,3044.0,24.0,51638.0,17697.0,753.0,24.73718791064389
46779,2147.0,36.0,57315.0,25179.0,132.0,6.1481136469492315
46725,23361.0,42.1,61564.0,29338.0,2233.0,9.558666152990027
46733,18715.0,38.9,53204.0,25762.0,2101.0,11.226289072936147
46750,26478.0,39.7,49788.0,24368.0,2698.0,10.189591358863963
46763,1838.0,37.6,62417.0,28914.0,172.0,9.357997823721437
46770,2992.0,39.5,62156.0,26442.0,370.0,12.366310160427808
46785,1503.0,33.6,63534.0,25331.0,195.0,12.974051896207586
46805,21207.0,35.1,43056.0,24405.0,3798.0,17.90918093082473
46058,2248.0,45.6,73013.0,32289.0,114.0,5.0711743772241995
46063,502.0,41.8,44688.0,21146.0,49.0,9.760956175298805
46107,12914.0,40.4,42370.0,23425.0,2026.0,15.68840018584482
46142,29871.0,37.9,72999.0,35638.0,2249.0,7.5290415453115065
46144,148.0,52.5,55982.0,28578.0,0.0,0.0
46150,934.0,43.1,56528.0,27592.0,152.0,16.27408993576017
46168,34478.0,38.9,67157.0,31687.0,2278.0,6.607111781425837
46172,2293.0,44.6,55577.0,28954.0,342.0,14.914958569559529
46203,39227.0,34.0,37598.0,20268.0,10254.0,26.14015856425421
46222,36414.0,29.1,33064.0,15446.0,12292.0,33.756247597078044
46224,37464.0,30.8,36063.0,17860.0,11472.0,30.62139654067905
46226,46110.0,34.5,34734.0,18975.0,11680.0,25.330730860984602
47270,498.0,39.5,59250.0,24630.0,31.0,6.224899598393574
47408,25723.0,23.2,31412.0,21920.0,9049.0,35.17863390739805
47421,27370.0,44.1,49613.0,26079.0,3244.0,11.85239313116551
47441,9421.0,43.2,47083.0,24061.0,1433.0,15.210699501114531
47448,7016.0,54.5,54023.0,33034.0,683.0,9.734891676168758
47453,770.0,38.0,46711.0,23498.0,81.0,10.519480519480519
47454,7470.0,40.7,39827.0,21851.0,1498.0,20.053547523427042
47519,930.0,34.5,97317.0,30001.0,12.0,1.2903225806451613
47524,459.0,50.1,58382.0,43611.0,76.0,16.55773420479303
47558,4692.0,26.3,60456.0,20978.0,543.0,11.572890025575447
47272,2136.0,36.7,47969.0,22143.0,429.0,20.084269662921347
47282,339.0,45.4,34732.0,27471.0,57.0,16.8141592920354
47331,22508.0,42.5,42741.0,23618.0,4184.0,18.588946152479117
47386,1176.0,49.8,63359.0,27755.0,36.0,3.061224489795918
47353,5553.0,43.3,49161.0,24221.0,477.0,8.589951377633712
47634,2293.0,33.4,52153.0,22397.0,340.0,14.827736589620585
47003,937.0,46.8,35221.0,19334.0,123.0,13.12700106723586
47022,3169.0,45.6,68964.0,31279.0,379.0,11.959608709372041
47030,2175.0,35.8,67386.0,29131.0,100.0,4.597701149425287
47032,3208.0,38.8,59512.0,28452.0,211.0,6.577306733167083
47038,1699.0,37.5,46693.0,17934.0,416.0,24.484991171277223
47114,295.0,25.4,51484.0,20613.0,36.0,12.203389830508474
47564,1186.0,52.7,53667.0,30682.0,68.0,5.733558178752108
47577,1297.0,43.9,67250.0,29786.0,48.0,3.700848111025443
47585,749.0,23.3,53966.0,18186.0,214.0,28.571428571428573
47597,843.0,42.0,54375.0,26705.0,87.0,10.320284697508896
47649,1519.0,46.5,59620.0,26768.0,162.0,10.664911125740618
47714,34250.0,34.2,38605.0,21298.0,8169.0,23.85109489051095
47715,26340.0,39.9,45304.0,32952.0,2916.0,11.070615034168565
47804,11595.0,36.4,34970.0,18971.0,3122.0,26.92539887882708
47838,3585.0,39.7,51667.0,14365.0,300.0,8.368200836820083
47842,9612.0,42.7,46192.0,24670.0,1409.0,14.658759883478984
47876,354.0,51.3,-666666666.0,7416.0,74.0,20.903954802259886
47909,42532.0,33.6,57634.0,28323.0,4793.0,11.269162042697264
47922,1631.0,38.4,44402.0,21108.0,275.0,16.860821581851624
47924,150.0,49.4,78475.0,36747.0,0.0,0.0
47928,2129.0,44.2,53854.0,24656.0,372.0,17.47299201503053
47941,1383.0,39.5,53018.0,27448.0,205.0,14.822848879248012
47943,1065.0,28.4,67955.0,19891.0,48.0,4.507042253521127
47946,2113.0,51.2,61306.0,28825.0,136.0,6.436346426881212
47948,1488.0,37.6,45000.0,20319.0,333.0,22.379032258064516
47949,1247.0,42.1,52794.0,24865.0,91.0,7.297514033680834
47957,1954.0,35.6,49063.0,20598.0,295.0,15.097236438075742
47018,4348.0,38.5,65438.0,25699.0,481.0,11.062557497700093
47041,6526.0,42.0,68030.0,28923.0,638.0,9.776279497395036
47043,5460.0,46.4,49676.0,25642.0,758.0,13.882783882783883
47102,6970.0,41.9,35174.0,18443.0,1751.0,25.121951219512194
47116,603.0,51.6,49375.0,22902.0,49.0,8.12603648424544
47119,11336.0,44.5,92647.0,46836.0,173.0,1.5261115031757233
47124,4607.0,41.6,76793.0,31499.0,105.0,2.2791404384632084
47163,1500.0,49.0,62534.0,33312.0,104.0,6.933333333333334
47175,920.0,47.3,39479.0,21692.0,105.0,11.41304347826087
47240,21579.0,38.7,56228.0,27514.0,2594.0,12.020946290374901
47260,1811.0,39.7,41196.0,21817.0,435.0,24.01987852015461
47281,1199.0,43.1,64013.0,32004.0,26.0,2.1684737281067554
47302,26816.0,40.8,35593.0,20319.0,6602.0,24.619630071599044
47304,31899.0,35.3,53598.0,30025.0,5207.0,16.323395717734098
47325,560.0,45.4,63333.0,21201.0,32.0,5.714285714285714
47326,2277.0,26.1,57697.0,18915.0,647.0,28.41458058849363
46228,15586.0,38.9,65524.0,33138.0,1736.0,11.138200949570127
46231,10312.0,36.3,63488.0,29949.0,1079.0,10.463537626066719
46254,40603.0,30.5,45138.0,23246.0,7018.0,17.284437110558333
46260,33215.0,34.0,47919.0,35257.0,6102.0,18.37121782327262
46278,8481.0,43.3,109891.0,55920.0,386.0,4.5513500766419055
46031,2336.0,45.4,76131.0,33495.0,107.0,4.580479452054795
46034,6434.0,44.6,72451.0,35828.0,372.0,5.781784271059994
46047,137.0,37.2,-666666666.0,13228.0,53.0,38.68613138686131
46050,2215.0,36.9,63636.0,23792.0,390.0,17.607223476297968
46076,1431.0,47.6,49107.0,27808.0,198.0,13.836477987421384
46112,37047.0,37.6,80394.0,35099.0,1387.0,3.7438928928118336
46113,15663.0,35.9,72430.0,28214.0,1143.0,7.2974525952882585
46120,5090.0,43.7,61605.0,26680.0,671.0,13.18271119842829
46166,2101.0,33.8,69167.0,26846.0,386.0,18.372203712517848
46173,10093.0,42.4,46073.0,24611.0,1771.0,17.54681462399683
46176,27603.0,40.0,55641.0,27308.0,3620.0,13.114516538057458
46184,13508.0,35.1,67913.0,28325.0,713.0,5.278353568255849
46218,27851.0,38.6,24993.0,17718.0,9221.0,33.108326451473914
46220,36731.0,36.2,68725.0,47032.0,2524.0,6.8715798644197
46614,30647.0,40.7,51933.0,29730.0,3872.0,12.63418931706203
46617,9422.0,34.1,59525.0,39881.0,1039.0,11.027382721290596
46635,6901.0,46.4,52621.0,29226.0,942.0,13.650195623822635
46737,7502.0,49.1,58488.0,32145.0,695.0,9.264196214342842
46573,3744.0,39.0,63750.0,30120.0,209.0,5.582264957264957
46637,15251.0,36.5,56109.0,30653.0,1710.0,11.212379516097306
46320,13703.0,31.4,30439.0,17983.0,4795.0,34.99233744435525
46536,3065.0,46.2,55833.0,27562.0,366.0,11.941272430668842
46914,1484.0,45.4,60156.0,27084.0,122.0,8.221024258760108
46052,22255.0,42.5,59917.0,33699.0,1545.0,6.9422601662547745
46147,3128.0,42.2,67396.0,31345.0,315.0,10.070332480818415
46060,40387.0,33.2,73936.0,31991.0,3300.0,8.170946096516206
46580,21701.0,37.1,56429.0,29887.0,2117.0,9.755310815169809
46501,3580.0,35.9,54318.0,22569.0,387.0,10.810055865921788
46746,4695.0,37.8,53047.0,24279.0,547.0,11.650692225772097
46994,2892.0,41.3,51546.0,24505.0,126.0,4.356846473029045
46049,898.0,47.4,51316.0,33141.0,80.0,8.908685968819599
46135,20800.0,36.0,51956.0,22498.0,2031.0,9.764423076923077
46236,28147.0,38.9,82848.0,41636.0,2304.0,8.185597044089956
46319,17781.0,38.2,60531.0,29518.0,1517.0,8.53157865136944
46221,26984.0,34.1,47768.0,21154.0,5230.0,19.381855914616068
46227,56614.0,34.2,40625.0,23141.0,10869.0,19.19843148337867
46268,25247.0,35.3,52149.0,29234.0,3000.0,11.882599912860934
46324,22039.0,35.2,46158.0,22473.0,4535.0,20.57715867326104
46349,2838.0,49.6,60972.0,27925.0,484.0,17.05426356589147
46368,38715.0,38.9,54775.0,27422.0,6348.0,16.39674544750097
46374,1115.0,28.2,80104.0,45384.0,66.0,5.9192825112107625
46377,287.0,52.3,-666666666.0,24179.0,13.0,4.529616724738676
46930,90.0,51.5,53750.0,19304.0,3.0,3.3333333333333335
46938,2984.0,45.6,48333.0,22179.0,262.0,8.780160857908847
46947,28125.0,40.1,45249.0,23086.0,4481.0,15.932444444444444
46950,569.0,48.0,50708.0,23157.0,52.0,9.13884007029877
46951,1922.0,44.6,47222.0,25131.0,182.0,9.46930280957336
46970,23381.0,38.6,43115.0,21933.0,4248.0,18.168598434626407
46514,41297.0,39.2,52535.0,26574.0,5812.0,14.073661525050246
46582,13546.0,34.0,64122.0,28990.0,1342.0,9.906983611398198
46721,4981.0,38.4,59783.0,25272.0,343.0,6.88616743625778
46748,5228.0,37.8,90688.0,36601.0,247.0,4.724560061208876
46760,1363.0,40.1,51528.0,23932.0,106.0,7.776962582538518
46761,12126.0,31.9,53820.0,21257.0,1154.0,9.516740887349497
46776,1399.0,44.4,54038.0,24649.0,168.0,12.008577555396712
46793,4662.0,38.8,57389.0,25958.0,345.0,7.4002574002574
46797,3597.0,37.9,66456.0,26773.0,194.0,5.393383375034751
46391,10053.0,37.3,68063.0,20265.0,586.0,5.829105739580225
46045,78.0,60.5,55227.0,36447.0,18.0,23.076923076923077
46056,2347.0,49.8,70754.0,35282.0,81.0,3.4512143161482745
46057,1251.0,35.5,67704.0,27285.0,143.0,11.430855315747403
46531,1510.0,49.3,53636.0,23658.0,183.0,12.119205298013245
46542,4083.0,37.7,59623.0,23741.0,421.0,10.311045799657116
46545,24871.0,36.9,42577.0,25828.0,3909.0,15.717100237224077
46550,12786.0,32.2,58005.0,25326.0,533.0,4.1686219302361955
46556,7269.0,20.5,25208.0,6083.0,520.0,7.153666253955152
46565,8698.0,27.0,68690.0,23592.0,384.0,4.4148080018395035
46570,1039.0,46.7,47740.0,22831.0,135.0,12.993262752646777
46601,6004.0,33.9,18711.0,12170.0,2643.0,44.02065289806796
46356,17822.0,38.7,74053.0,30085.0,939.0,5.268768937268544
46366,5690.0,42.6,48561.0,22266.0,655.0,11.511423550087873
46373,15480.0,44.4,103232.0,42787.0,460.0,2.9715762273901807
46393,322.0,50.1,58333.0,22822.0,24.0,7.453416149068323
46409,7350.0,40.9,28808.0,15509.0,2363.0,32.14965986394558
46385,39360.0,40.8,77430.0,36440.0,2957.0,7.51270325203252
46408,15728.0,40.3,36662.0,19217.0,4246.0,26.996439471007122
46502,22.0,-666666666.0,-666666666.0,,0.0,0.0
46510,3997.0,41.2,51094.0,23761.0,477.0,11.933950462847136
46530,31593.0,40.5,101526.0,45592.0,1322.0,4.184471243629918
46532,1594.0,44.5,54107.0,28056.0,101.0,6.336260978670013
46940,2632.0,46.3,62337.0,27980.0,146.0,5.547112462006079
46989,4824.0,23.8,68214.0,23382.0,314.0,6.509121061359867
46819,9580.0,40.9,47974.0,24987.0,925.0,9.65553235908142
46845,22929.0,40.1,93060.0,41768.0,756.0,3.297134632997514
46110,608.0,40.2,55625.0,23875.0,124.0,20.394736842105264
46130,2440.0,44.2,83206.0,36238.0,51.0,2.0901639344262297
47034,100.0,45.2,28500.0,17317.0,35.0,35.0
47994,301.0,41.8,53125.0,25360.0,45.0,14.950166112956811
47713,10427.0,38.2,26595.0,17424.0,4111.0,39.4264889229884
47840,1815.0,36.8,64441.0,24130.0,130.0,7.162534435261708
47855,523.0,40.7,40417.0,17756.0,159.0,30.40152963671128
47862,1508.0,35.7,44542.0,21772.0,238.0,15.782493368700266
47874,3102.0,44.5,45363.0,23874.0,359.0,11.57317859445519
47926,1333.0,35.1,52083.0,24965.0,98.0,7.351837959489872
47394,8167.0,44.9,45582.0,24428.0,1309.0,16.02791722786825
47380,1612.0,40.5,48111.0,23523.0,183.0,11.352357320099255
47385,1319.0,44.5,52692.0,27678.0,169.0,12.812736921910538
47615,1756.0,42.7,50607.0,23748.0,206.0,11.731207289293849
47471,2717.0,38.2,48438.0,23020.0,382.0,14.059624585940375
47520,2854.0,46.2,41780.0,22937.0,619.0,21.688857743517868
47553,8260.0,38.6,53480.0,24179.0,871.0,10.544794188861985
47528,462.0,47.3,45625.0,22070.0,22.0,4.761904761904762
47542,10196.0,39.4,52878.0,24606.0,1344.0,13.181639858768145
47550,744.0,41.3,73083.0,31418.0,18.0,2.4193548387096775
47578,835.0,50.8,57875.0,29327.0,40.0,4.790419161676646
47584,140.0,51.8,41000.0,24065.0,12.0,8.571428571428571
47598,3191.0,38.4,52500.0,24713.0,398.0,12.47257912879975
47601,14019.0,43.4,57954.0,31985.0,1628.0,11.6128111848206
47638,3483.0,41.8,73162.0,35670.0,183.0,5.254091300602928
47712,26881.0,33.1,49067.0,27763.0,3697.0,13.753208585990105
47836,0.0,-666666666.0,-666666666.0,-666666666.0,0.0,
47841,2259.0,41.7,42583.0,21261.0,245.0,10.845506861443116
47847,1185.0,38.8,56750.0,27038.0,210.0,17.72151898734177
47848,1670.0,46.9,47794.0,25196.0,199.0,11.916167664670658
47849,331.0,58.5,57143.0,40540.0,41.0,12.386706948640484
47860,384.0,43.4,40625.0,18334.0,79.0,20.572916666666668
47861,853.0,30.4,72981.0,22369.0,131.0,15.357561547479484
47866,593.0,39.0,41538.0,18144.0,251.0,42.32715008431703
47881,361.0,43.4,50179.0,21289.0,44.0,12.18836565096953
47904,17225.0,32.5,37495.0,20891.0,3299.0,19.152394775036285
47905,41910.0,36.0,57394.0,29905.0,5678.0,13.548079217370557
46033,38569.0,41.0,132432.0,56609.0,897.0,2.3257019886437296
46036,11850.0,42.2,46189.0,25426.0,2143.0,18.08438818565401
46540,11789.0,34.2,76986.0,29361.0,523.0,4.436338960047502
46567,8608.0,46.5,57399.0,34757.0,784.0,9.107806691449815
46613,10980.0,30.0,38828.0,16357.0,2509.0,22.85063752276867
46616,5654.0,31.6,40644.0,20525.0,1333.0,23.576229218252564
46619,21775.0,34.4,39143.0,17441.0,5765.0,26.47531572904707
46701,8008.0,42.3,57011.0,26439.0,586.0,7.317682317682317
46711,8308.0,29.2,48408.0,19691.0,1657.0,19.944631680308138
46740,4333.0,26.4,46714.0,17771.0,1082.0,24.971151627048233
46747,2467.0,47.5,48542.0,25998.0,230.0,9.323064450749898
46240,19706.0,41.8,58982.0,46616.0,2649.0,13.442606312798132
46310,14063.0,40.3,60463.0,25263.0,935.0,6.6486524923558274
46923,8246.0,41.5,55250.0,29389.0,851.0,10.320155226776619
46936,5947.0,44.7,67029.0,30428.0,339.0,5.700353119219774
46952,18823.0,46.3,45037.0,25601.0,2977.0,15.815757318174574
46957,612.0,43.6,39196.0,17331.0,129.0,21.07843137254902
46968,26.0,40.7,-666666666.0,26996.0,0.0,0.0
46982,2413.0,40.7,49623.0,23426.0,573.0,23.74637380853709
46986,1571.0,43.9,47321.0,25509.0,161.0,10.248249522597073
46151,31810.0,41.2,59727.0,27663.0,3842.0,12.077962904746935
46156,1606.0,46.9,50417.0,27752.0,340.0,21.1706102117061
46158,22925.0,42.7,63167.0,29274.0,2541.0,11.083969465648854
46202,20007.0,29.8,41123.0,32390.0,5030.0,25.141200579797072
46205,27869.0,32.9,46157.0,31411.0,6249.0,22.42276364419247
46975,14615.0,42.2,50026.0,25346.0,2084.0,14.259322613752994
46404,17014.0,38.0,31909.0,18848.0,5302.0,31.1625719995298
46217,35190.0,34.5,62083.0,28417.0,3506.0,9.963057686842854
46342,30634.0,38.1,58250.0,26218.0,4353.0,14.209701638702096
46035,1082.0,39.1,57500.0,28598.0,94.0,8.687615526802219
46543,3289.0,24.4,78480.0,26197.0,185.0,5.62480997263606
46792,3801.0,42.8,57500.0,28306.0,237.0,6.235201262825572
46702,1999.0,49.1,58592.0,28862.0,196.0,9.804902451225614
46787,3732.0,40.3,54291.0,28064.0,387.0,10.369774919614148
46065,3499.0,39.3,61902.0,24320.0,243.0,6.944841383252358
46121,5716.0,43.1,64464.0,31251.0,407.0,7.12036389083275
46180,943.0,48.8,51932.0,27818.0,56.0,5.938494167550371
46259,11364.0,36.9,104130.0,35937.0,201.0,1.7687434002111933
46037,42231.0,36.1,113910.0,49378.0,1086.0,2.5715706471549336
46062,35151.0,36.7,85037.0,41114.0,1738.0,4.944382805610082
46146,308.0,24.3,75881.0,20449.0,0.0,0.0
46183,15.0,-666666666.0,-666666666.0,,0.0,0.0
46704,38.0,27.3,-666666666.0,17561.0,6.0,15.789473684210526
46771,0.0,-666666666.0,-666666666.0,-666666666.0,0.0,
46786,41.0,73.4,-666666666.0,21468.0,0.0,0.0
46915,584.0,47.9,53750.0,27837.0,36.0,6.164383561643835
46922,29.0,30.3,-666666666.0,,0.0,0.0
46967,101.0,44.4,38500.0,18828.0,33.0,32.67326732673267
46984,209.0,39.9,61389.0,33447.0,22.0,10.526315789473685
46126,5217.0,37.4,67730.0,29239.0,458.0,8.778991757715161
46998,167.0,52.7,47344.0,24850.0,12.0,7.18562874251497
46001,9948.0,45.6,54913.0,26272.0,1764.0,17.732207478890228
46012,19394.0,42.0,44487.0,24658.0,3392.0,17.4899453439208
46030,2813.0,50.6,53654.0,31881.0,288.0,10.238179879132598
46290,190.0,39.9,250001.0,159758.0,16.0,8.421052631578947
46143,56217.0,36.1,70944.0,33593.0,4397.0,7.821477489015778
46148,5526.0,37.6,56266.0,23365.0,765.0,13.843648208469055
46312,28448.0,33.6,31907.0,16510.0,9183.0,32.279949381327334
46376,263.0,33.3,46750.0,20797.0,54.0,20.53231939163498
46383,41698.0,37.3,62333.0,32275.0,4434.0,10.633603530145331
46394,12358.0,38.7,49239.0,24642.0,1981.0,16.03010195824567
46402,6436.0,36.5,18504.0,14749.0,2926.0,45.46302050963331
46407,11345.0,37.6,22008.0,13585.0,4779.0,42.124283825473775
47340,2848.0,40.2,50694.0,24868.0,346.0,12.148876404494382
47351,507.0,26.8,56042.0,15277.0,109.0,21.499013806706113
47374,45489.0,41.0,41324.0,25039.0,7763.0,17.0656642265163
47383,3098.0,43.9,62330.0,29575.0,200.0,6.455777921239509
47393,1730.0,38.1,72750.0,24950.0,230.0,13.294797687861271
47406,3786.0,19.2,-666666666.0,2617.0,0.0,0.0
47427,728.0,51.5,47813.0,22819.0,47.0,6.456043956043956
46913,1193.0,49.0,62639.0,30651.0,33.0,2.766135792120704
46958,594.0,52.2,58594.0,29460.0,0.0,0.0
46985,1538.0,35.5,49013.0,22838.0,205.0,13.328998699609883
46987,978.0,46.5,56850.0,25649.0,88.0,8.997955010224949
46988,1026.0,39.5,44219.0,27134.0,209.0,20.37037037037037
46990,735.0,36.5,54728.0,22377.0,7.0,0.9523809523809523
46991,1637.0,43.0,58281.0,26231.0,303.0,18.509468540012218
46992,16352.0,43.9,48315.0,26384.0,2004.0,12.255381604696673
46996,6369.0,44.1,43478.0,24187.0,988.0,15.512639346836238
46201,29807.0,35.0,29313.0,18027.0,10133.0,33.99537021505016
46225,6354.0,36.4,34962.0,18860.0,1196.0,18.822788794460184
46234,27670.0,36.7,75371.0,33291.0,1593.0,5.7571376942537045
46250,19001.0,34.3,56487.0,40162.0,1098.0,5.778643229303721
46303,14644.0,35.8,68259.0,32159.0,1387.0,9.471455886369844
46327,11631.0,33.5,45921.0,18668.0,3496.0,30.057604677155876
46340,815.0,48.2,60694.0,31704.0,45.0,5.521472392638037
46341,10330.0,38.6,71641.0,29972.0,670.0,6.48596321393998
46346,1319.0,40.3,40938.0,18278.0,191.0,14.480667172100075
46350,42654.0,41.2,52462.0,27771.0,6263.0,14.683265344399118
46360,43684.0,39.9,43816.0,23739.0,8607.0,19.702866037908617
46365,793.0,61.0,58603.0,36148.0,0.0,0.0
46229,28755.0,35.8,47903.0,23935.0,5110.0,17.770822465658146
46235,32327.0,29.1,36166.0,18086.0,9192.0,28.434435611099083
46381,92.0,58.2,38542.0,28005.0,15.0,16.304347826086957
46311,21627.0,43.7,85754.0,38986.0,912.0,4.216951033430434
46321,22840.0,45.2,81234.0,41073.0,991.0,4.338879159369527
46379,134.0,40.5,-666666666.0,55765.0,0.0,0.0
46382,1705.0,46.7,78750.0,34480.0,55.0,3.225806451612903
46390,3085.0,43.9,73029.0,31487.0,190.0,6.158833063209076
46392,7940.0,41.0,64145.0,28324.0,684.0,8.614609571788414
46405,11455.0,34.9,40859.0,17832.0,2904.0,25.351374945438675
46508,158.0,45.2,38750.0,15644.0,45.0,28.481012658227847
46524,2353.0,30.9,49006.0,22630.0,141.0,5.992350191245219
46534,11453.0,39.8,48676.0,21755.0,1962.0,17.13088273814721
46562,5295.0,41.4,54048.0,26320.0,658.0,12.42681775259679
46563,23820.0,40.5,51687.0,24436.0,3045.0,12.78337531486146
46615,12919.0,37.1,41069.0,23511.0,2590.0,20.047991330598343
46506,9692.0,38.4,63958.0,26360.0,1048.0,10.81304168386298
46507,9306.0,39.0,67583.0,32218.0,683.0,7.339350956372233
46517,26177.0,35.5,49618.0,20794.0,4884.0,18.657600183367077
46628,27159.0,36.5,42103.0,24709.0,5836.0,21.488272764092933
46710,4225.0,40.4,68500.0,31887.0,167.0,3.9526627218934913
46732,3660.0,30.5,55508.0,19213.0,390.0,10.655737704918034
46741,4591.0,33.4,59069.0,23522.0,404.0,8.799825746024831
46742,3613.0,43.0,62284.0,28581.0,583.0,16.136174923885967
46743,2202.0,34.3,58056.0,23690.0,244.0,11.080835603996366
46765,5472.0,38.9,92232.0,33483.0,203.0,3.709795321637427
46799,232.0,36.5,38375.0,18843.0,13.0,5.603448275862069
46814,12438.0,38.3,119432.0,59630.0,746.0,5.99774883421772
46818,20746.0,37.5,59766.0,27639.0,2012.0,9.698255085317651
46347,4852.0,42.4,76094.0,33714.0,225.0,4.637262984336356
46371,3354.0,39.3,78253.0,28077.0,359.0,10.703637447823494
46069,7415.0,41.3,55360.0,32884.0,595.0,8.024275118004045
46016,17996.0,34.3,28340.0,15368.0,6324.0,35.1411424761058
46307,62274.0,41.4,82259.0,34831.0,3387.0,5.438866942865402
46816,19219.0,32.3,35632.0,19882.0,4114.0,21.405900411051565
46825,29331.0,35.7,55086.0,29107.0,2732.0,9.31437728001091
46911,1308.0,42.2,54450.0,28096.0,76.0,5.81039755351682
46926,1471.0,45.8,56029.0,29058.0,120.0,8.157715839564922
47280,934.0,28.9,75395.0,19854.0,115.0,12.312633832976445
47337,177.0,29.9,47857.0,19706.0,24.0,13.559322033898304
47846,552.0,48.3,58313.0,29876.0,0.0,0.0
47853,110.0,34.6,52500.0,26644.0,0.0,0.0
47854,722.0,45.8,64000.0,27904.0,40.0,5.54016620498615
47868,3080.0,46.5,43150.0,21733.0,647.0,21.006493506493506
47901,3702.0,27.9,34981.0,22497.0,1003.0,27.093462992976768
47906,75899.0,22.6,46594.0,23804.0,20150.0,26.54843937337778
47921,1214.0,36.4,43500.0,19136.0,418.0,34.43163097199341
47932,5001.0,42.6,55942.0,30370.0,506.0,10.117976404719057
47940,1742.0,38.0,60982.0,26094.0,62.0,3.5591274397244548
47546,21137.0,40.9,59603.0,31854.0,2129.0,10.072384917443346
47025,22710.0,41.2,66241.0,29690.0,2263.0,9.964773227653016
47141,1650.0,39.8,58818.0,29422.0,51.0,3.090909090909091
47232,3284.0,42.7,58766.0,22379.0,763.0,23.233861144945188
47429,8819.0,40.5,60208.0,30806.0,883.0,10.012473069509015
47611,1559.0,42.2,60833.0,28438.0,120.0,7.6972418216805645
47992,1640.0,42.6,74674.0,40078.0,114.0,6.951219512195122
47040,5025.0,48.2,52967.0,27641.0,334.0,6.646766169154229
47161,3197.0,46.4,59844.0,27706.0,506.0,15.827338129496402
47150,47857.0,39.4,52077.0,28488.0,6699.0,13.997952232693232
47250,21984.0,42.0,48827.0,27611.0,3311.0,15.060953420669579
47711,32357.0,41.1,51645.0,27885.0,4533.0,14.009333374540285
47725,17267.0,39.2,88602.0,45895.0,619.0,3.5848728789019515
47802,35054.0,37.9,45376.0,26721.0,4750.0,13.550522051691676
47837,1180.0,37.8,34671.0,23429.0,292.0,24.74576271186441
47858,657.0,32.7,63971.0,45085.0,81.0,12.32876712328767
47865,317.0,22.1,42132.0,15007.0,3.0,0.9463722397476341
47917,568.0,34.2,43487.0,18216.0,51.0,8.97887323943662
47925,197.0,29.6,38036.0,15053.0,0.0,0.0
47963,1949.0,45.0,51629.0,28386.0,142.0,7.285787583376091
47967,564.0,46.0,43125.0,21877.0,20.0,3.5460992907801416
47974,1138.0,48.3,52898.0,30942.0,151.0,13.268892794376098
47978,11324.0,38.9,57389.0,26171.0,1185.0,10.464500176616037
47283,3227.0,40.9,45300.0,24279.0,362.0,11.217849395723583
47243,6053.0,32.5,51921.0,21058.0,526.0,8.689905831818933
47362,30010.0,42.6,44797.0,22761.0,4573.0,15.238253915361547
47106,4788.0,42.7,64215.0,30073.0,606.0,12.656641604010025
47670,12066.0,39.9,49651.0,25261.0,1370.0,11.35421846510857
47930,1374.0,36.3,58583.0,27349.0,130.0,9.461426491994178
47665,3681.0,41.0,52500.0,26370.0,457.0,12.415104591143711
47872,8770.0,41.2,47500.0,22266.0,982.0,11.197263397947548
47123,80.0,67.7,29345.0,21424.0,12.0,15.0
47227,2308.0,46.1,58105.0,24331.0,112.0,4.852686308492201
47467,117.0,5.6,-666666666.0,,0.0,0.0
47525,276.0,55.0,29141.0,31142.0,7.0,2.536231884057971
47637,1254.0,45.8,56364.0,26154.0,116.0,9.250398724082935
47918,5803.0,44.0,48910.0,28143.0,871.0,15.009477856281233
47433,3902.0,44.9,57188.0,28914.0,426.0,10.917478216299333
47535,823.0,43.2,47500.0,22022.0,54.0,6.561360874848116
47635,5529.0,45.9,51029.0,25754.0,618.0,11.177428106348344
47989,1353.0,40.1,58442.0,25633.0,117.0,8.647450110864744
47514,1668.0,36.2,49750.0,5960.0,15.0,0.8992805755395683
47515,821.0,43.5,56042.0,33656.0,72.0,8.76979293544458
47521,639.0,25.4,82049.0,29883.0,0.0,0.0
47523,3316.0,42.9,51087.0,24766.0,287.0,8.655006031363088
47551,923.0,32.8,71364.0,33029.0,105.0,11.375947995666305
47557,1803.0,35.1,59688.0,26533.0,200.0,11.092623405435386
47567,6117.0,44.3,54104.0,27426.0,573.0,9.367336929867582
47575,1177.0,45.0,67941.0,29616.0,247.0,20.985556499575193
47436,1410.0,46.0,43160.0,23065.0,196.0,13.900709219858156
47456,1522.0,44.9,54000.0,21255.0,191.0,12.54927726675427
47459,3860.0,40.1,55223.0,23416.0,483.0,12.512953367875648
47512,4015.0,39.3,42464.0,21740.0,939.0,23.387297633872976
47532,4499.0,47.4,69875.0,29476.0,252.0,5.601244721049122
47541,1173.0,39.3,70750.0,27901.0,134.0,11.423699914748507
47579,2577.0,43.3,72917.0,33617.0,142.0,5.510283275126116
47591,25416.0,37.2,45104.0,24322.0,4325.0,17.0168397859616
47613,3156.0,39.2,74625.0,29541.0,241.0,7.636248415716096
47620,13120.0,41.8,58693.0,30320.0,1809.0,13.788109756097562
47660,4897.0,39.0,49291.0,25611.0,496.0,10.128650193996325
47017,439.0,50.0,68750.0,32932.0,63.0,14.350797266514807
47024,3340.0,32.9,52315.0,20108.0,600.0,17.964071856287426
47035,210.0,58.5,-666666666.0,15594.0,124.0,59.04761904761905
47117,4363.0,41.7,60223.0,23667.0,465.0,10.657804263121704
47125,1646.0,44.9,49293.0,23921.0,147.0,8.930741190765492
47165,6330.0,45.1,51753.0,26052.0,588.0,9.289099526066352
47201,44127.0,36.6,58605.0,31029.0,5766.0,13.0668298320756
47001,10264.0,45.0,56445.0,29765.0,1454.0,14.16601714731099
47010,249.0,31.5,23667.0,16927.0,90.0,36.144578313253014
47011,839.0,36.3,58789.0,26081.0,251.0,29.916567342073897
47012,9959.0,41.9,52879.0,26642.0,654.0,6.566924389998996
47016,949.0,49.7,78828.0,28357.0,20.0,2.107481559536354
47023,1691.0,36.3,58083.0,25458.0,99.0,5.854523950325252
47115,2874.0,48.5,45260.0,25794.0,359.0,12.491301322199027
47130,46299.0,38.6,54728.0,28646.0,4768.0,10.298278580530898
47140,2489.0,43.2,38510.0,19355.0,576.0,23.141824025713138
47162,673.0,53.2,52700.0,24577.0,9.0,1.337295690936107
47226,231.0,35.6,67708.0,61785.0,4.0,1.7316017316017316
47220,5803.0,40.4,53250.0,23294.0,1077.0,18.559365845252454
47231,794.0,39.4,50000.0,26643.0,161.0,20.277078085642316
47235,1516.0,36.7,62629.0,19088.0,294.0,19.393139841688654
47265,20476.0,38.8,47747.0,23144.0,3217.0,15.71107638210588
47273,1737.0,38.3,53750.0,24050.0,175.0,10.074841681059297
47344,128.0,17.4,41875.0,14679.0,23.0,17.96875
47361,214.0,42.3,55625.0,22377.0,64.0,29.906542056074766
47390,4966.0,41.3,37731.0,19610.0,999.0,20.116794200563834
47955,958.0,37.4,57738.0,24078.0,100.0,10.438413361169102
47980,1002.0,51.0,63313.0,37672.0,78.0,7.7844311377245505
47338,2682.0,39.5,52024.0,23174.0,415.0,15.473527218493661
47341,2339.0,39.4,60000.0,31057.0,189.0,8.08037622915776
47348,9226.0,43.1,42432.0,25018.0,1194.0,12.941686538044657
47360,1333.0,43.0,63281.0,31035.0,179.0,13.428357089272318
47832,976.0,54.0,75909.0,30485.0,86.0,8.811475409836065
47982,195.0,50.8,58750.0,27464.0,10.0,5.128205128205129
47987,4045.0,42.7,50698.0,24172.0,400.0,9.88875154511743
47990,1836.0,36.5,55027.0,22801.0,97.0,5.283224400871459
47997,118.0,33.3,71875.0,28776.0,13.0,11.016949152542374
47368,2935.0,45.2,53011.0,26057.0,355.0,12.095400340715502
47381,193.0,27.0,33125.0,15296.0,68.0,35.233160621761655
47451,1184.0,43.3,45063.0,25544.0,254.0,21.4527027027027
47460,10916.0,45.6,48664.0,24830.0,1519.0,13.915353609380725
47462,4367.0,32.3,65818.0,26112.0,403.0,9.228303182963133
47516,1330.0,40.7,63628.0,29176.0,47.0,3.5338345864661656
47610,5028.0,36.9,54212.0,24354.0,698.0,13.882259347653143
47612,737.0,48.3,52159.0,26861.0,73.0,9.905020352781547
47619,1684.0,44.5,58250.0,30028.0,161.0,9.560570071258907
47970,1830.0,39.2,46534.0,27894.0,242.0,13.224043715846994
47981,929.0,34.8,79167.0,42160.0,127.0,13.670613562970937
47983,254.0,23.5,59900.0,21361.0,0.0,0.0
47631,2101.0,52.4,61667.0,30834.0,76.0,3.61732508329367
47639,4261.0,37.9,86103.0,35516.0,134.0,3.1448016897441917
47640,1073.0,50.0,50069.0,27915.0,75.0,6.989748369058714
47879,3417.0,33.4,44039.0,20999.0,452.0,13.227977758267485
47882,7786.0,45.3,43301.0,24612.0,965.0,12.39404058566658
47884,157.0,43.6,36667.0,20400.0,30.0,19.10828025477707
47923,3337.0,38.9,59485.0,29961.0,160.0,4.79472580161822
47942,666.0,44.9,58472.0,27553.0,116.0,17.41741741741742
47950,894.0,37.5,61985.0,26854.0,16.0,1.7897091722595078
47954,2380.0,40.1,64119.0,26586.0,262.0,11.008403361344538
47958,179.0,42.8,41250.0,19712.0,8.0,4.4692737430167595
47354,1225.0,41.9,42054.0,28286.0,148.0,12.081632653061224
47358,979.0,41.8,46974.0,33673.0,69.0,7.048008171603677
47975,650.0,40.5,66522.0,39688.0,36.0,5.538461538461538
47977,2235.0,40.5,56750.0,26900.0,203.0,9.082774049217003
47991,958.0,46.3,52857.0,26473.0,179.0,18.684759916492695
47969,152.0,36.5,55000.0,24608.0,26.0,17.105263157894736
47995,1732.0,37.5,71293.0,27476.0,99.0,5.715935334872979
47006,11499.0,42.3,61588.0,32446.0,914.0,7.948517262370641
47031,5353.0,41.3,56154.0,27594.0,366.0,6.83728750233514
47037,4534.0,38.0,54265.0,22032.0,691.0,15.240405822673136
47042,4207.0,45.1,55660.0,27245.0,593.0,14.095555027335394
47108,2249.0,37.7,45975.0,21909.0,417.0,18.54157403290351
47111,16612.0,37.9,60898.0,27836.0,1562.0,9.402841319528052
47129,19669.0,40.4,40549.0,23227.0,2861.0,14.54573186232142
47160,113.0,25.0,-666666666.0,14568.0,1.0,0.8849557522123894
47230,1526.0,51.2,50446.0,23227.0,56.0,3.669724770642202
47710,19081.0,39.9,36061.0,22174.0,4571.0,23.955767517425713
47633,2575.0,38.9,44130.0,25051.0,171.0,6.640776699029126
47654,82.0,41.8,58594.0,24910.0,7.0,8.536585365853659
47666,1842.0,38.4,41030.0,22821.0,245.0,13.300760043431053
47833,961.0,46.4,59977.0,33433.0,63.0,6.555671175858481
47834,19215.0,41.3,53104.0,25791.0,2966.0,15.435857403070518
47850,2386.0,42.5,55469.0,26114.0,206.0,8.633696563285834
47859,821.0,41.3,44615.0,20527.0,112.0,13.64190012180268
47863,246.0,42.3,65395.0,25392.0,0.0,0.0
47320,3460.0,48.8,53241.0,29500.0,223.0,6.445086705202312
47327,4626.0,43.1,39482.0,21339.0,722.0,15.607436230004323
47330,5509.0,40.5,57066.0,29410.0,641.0,11.63550553639499
47342,2639.0,43.4,54583.0,27134.0,180.0,6.820765441455096
47346,3945.0,40.7,52500.0,26670.0,406.0,10.291508238276299
47355,2875.0,40.2,46548.0,22390.0,500.0,17.391304347826086
47357,884.0,41.3,50156.0,20641.0,129.0,14.592760180995475
46759,382.0,50.3,49554.0,20162.0,7.0,1.8324607329842932
46764,1353.0,48.0,62929.0,26498.0,83.0,6.134515890613452
46777,6455.0,38.0,68056.0,27267.0,509.0,7.885360185902401
46781,800.0,44.9,62500.0,25151.0,44.0,5.5
46783,6631.0,42.3,81667.0,41750.0,372.0,5.610013572613482
46784,1973.0,47.6,56488.0,32617.0,191.0,9.68068930562595
46794,1732.0,45.4,49909.0,28802.0,102.0,5.8891454965357966
46017,5827.0,44.2,51402.0,24126.0,849.0,14.570104685086665
46032,48853.0,38.3,102143.0,61118.0,2081.0,4.259717929298098
46038,42524.0,34.8,90289.0,42087.0,1743.0,4.098861819207976
46039,520.0,60.3,65125.0,28051.0,33.0,6.346153846153846
46068,2811.0,47.3,64826.0,29473.0,280.0,9.960868018498754
46072,8683.0,43.1,55074.0,29237.0,490.0,5.643210871818496
46103,206.0,29.9,63125.0,18447.0,77.0,37.37864077669903
46104,879.0,52.4,65724.0,30108.0,101.0,11.49032992036405
46105,1877.0,39.2,76250.0,26444.0,134.0,7.13905167820991
46118,4944.0,44.9,68654.0,34579.0,511.0,10.335760517799352
46122,16469.0,38.6,77766.0,32737.0,998.0,6.059870058898537
46123,35617.0,36.6,90960.0,38228.0,1400.0,3.9307072465395736
46140,39638.0,39.5,62523.0,30632.0,3894.0,9.823906352490035
46162,472.0,35.4,38413.0,30126.0,106.0,22.45762711864407
46175,616.0,35.5,51875.0,20226.0,226.0,36.688311688311686
46204,8008.0,31.9,49214.0,40293.0,1275.0,15.921578421578422
46214,24202.0,34.0,47790.0,26462.0,2264.0,9.354598793488142
46216,2099.0,44.3,41546.0,46410.0,304.0,14.483087184373511
46237,38455.0,35.6,64723.0,31416.0,3197.0,8.313613314263424
46256,23513.0,43.5,66804.0,43856.0,1655.0,7.0386594649768215
46304,24906.0,39.8,77655.0,36927.0,1803.0,7.239219465189111
46322,22743.0,41.8,63699.0,32559.0,1844.0,8.107989271424174
46929,2980.0,36.6,50160.0,21487.0,449.0,15.06711409395973
46932,3219.0,48.3,52847.0,26573.0,210.0,6.523765144454799
46943,259.0,22.7,34800.0,17545.0,36.0,13.8996138996139
46974,1882.0,38.9,61121.0,24376.0,203.0,10.786397449521786
46979,4716.0,43.0,80284.0,36959.0,90.0,1.9083969465648856
46301,581.0,64.8,68250.0,69753.0,67.0,11.53184165232358
46323,22185.0,34.3,49565.0,22507.0,4629.0,20.865449628127113
46348,1116.0,37.6,47232.0,26435.0,107.0,9.587813620071685
46406,9554.0,35.1,29933.0,19221.0,3122.0,32.6774126020515
46410,38047.0,37.9,56799.0,27885.0,4589.0,12.061397744894473
46516,31960.0,34.2,46761.0,21837.0,6394.0,20.006257822277846
46537,458.0,41.4,55250.0,23216.0,24.0,5.240174672489083
46538,3854.0,42.4,72574.0,35424.0,263.0,6.824078879086663
46795,6818.0,44.2,65794.0,29051.0,452.0,6.629510120269874
46802,10235.0,32.7,34658.0,21649.0,3033.0,29.63361016121153
46809,8365.0,41.4,38855.0,23794.0,977.0,11.67961745367603
46933,6164.0,38.8,42822.0,20322.0,1012.0,16.417910447761194
46939,1716.0,49.3,38438.0,25646.0,146.0,8.508158508158509
46941,994.0,46.3,54922.0,25475.0,199.0,20.020120724346075
46946,24.0,73.5,-666666666.0,15213.0,0.0,0.0
46959,586.0,44.4,23544.0,20229.0,172.0,29.351535836177476
46961,121.0,35.7,31979.0,27117.0,10.0,8.264462809917354
46962,9152.0,40.0,52197.0,23152.0,1189.0,12.991695804195805
46978,2012.0,40.2,57083.0,24672.0,249.0,12.375745526838966
47431,1586.0,46.8,52799.0,26438.0,271.0,17.08701134930643
47446,10569.0,40.2,52853.0,23057.0,1082.0,10.237486990254517
47455,82.0,33.4,-666666666.0,22723.0,0.0,0.0
47513,2527.0,37.9,52313.0,23523.0,399.0,15.789473684210526
47529,1057.0,37.7,39569.0,20023.0,103.0,9.744560075685904
46960,996.0,48.5,50129.0,32783.0,113.0,11.345381526104418
47531,701.0,49.4,40954.0,24645.0,108.0,15.406562054208274
47720,17589.0,45.4,62057.0,32348.0,1766.0,10.040366137927114
47803,20593.0,35.6,51917.0,29400.0,2458.0,11.936094789491575
47807,12313.0,28.5,21288.0,13390.0,5070.0,41.17599285308211
47424,8842.0,48.0,54159.0,27517.0,1036.0,11.716806152454195
47449,315.0,52.6,32273.0,18658.0,45.0,14.285714285714286
47468,1539.0,50.8,58015.0,33534.0,153.0,9.941520467836257
47359,2941.0,45.7,43958.0,24981.0,276.0,9.384563073784427
47371,12336.0,40.9,47068.0,23356.0,1791.0,14.518482490272374
47247,183.0,38.7,78750.0,29581.0,34.0,18.579234972677597
47263,245.0,37.3,45625.0,19613.0,28.0,11.428571428571429
47303,25545.0,29.3,33587.0,20667.0,8022.0,31.403405754550793
47305,3518.0,39.6,25057.0,17670.0,1344.0,38.20352472996021
47334,3267.0,42.8,59167.0,29993.0,313.0,9.58065503520049
47345,1475.0,41.4,63087.0,24247.0,170.0,11.525423728813559
47352,1064.0,37.3,41736.0,19099.0,123.0,11.56015037593985
47885,8994.0,43.0,45838.0,26933.0,1199.0,13.331109628641316
47933,27661.0,41.0,51370.0,26506.0,2773.0,10.024944868226022
47951,2265.0,44.5,50769.0,25685.0,401.0,17.70419426048565
47960,14559.0,48.2,52838.0,29436.0,1231.0,8.45525104746205
47965,609.0,35.9,62917.0,25971.0,51.0,8.374384236453203
47966,378.0,46.5,48906.0,21668.0,41.0,10.846560846560847
47971,1961.0,40.3,57500.0,24733.0,200.0,10.198878123406425
47118,3150.0,44.3,42614.0,22442.0,433.0,13.746031746031745
47122,10910.0,38.8,73375.0,32418.0,438.0,4.014665444546288
47135,1077.0,53.0,72226.0,33413.0,47.0,4.36397400185701
47170,14673.0,40.7,47380.0,24425.0,1798.0,12.253799495672324
47172,17806.0,36.7,77362.0,33761.0,901.0,5.060092103785241
47177,1092.0,41.1,51875.0,23366.0,322.0,29.487179487179485
47203,27320.0,39.9,59337.0,31848.0,3333.0,12.199853587115665
47336,3142.0,42.5,39143.0,23277.0,533.0,16.963717377466583
47339,499.0,43.5,38438.0,23979.0,47.0,9.418837675350701
47356,5252.0,46.5,55542.0,28222.0,624.0,11.881188118811881
47373,2468.0,44.3,42679.0,21950.0,391.0,15.842787682333874
47384,1851.0,39.0,63456.0,27149.0,147.0,7.941653160453809
47387,793.0,35.9,46220.0,21304.0,158.0,19.92433795712484
47401,43407.0,31.7,50844.0,35080.0,9471.0,21.81906144170295
47404,23466.0,30.4,39424.0,23347.0,7224.0,30.78496548197392
47420,446.0,35.3,68194.0,16820.0,150.0,33.63228699551569
47438,4416.0,39.6,49792.0,23807.0,496.0,11.231884057971014
47465,480.0,49.0,45850.0,17623.0,121.0,25.208333333333332
47469,1800.0,40.3,52500.0,23593.0,271.0,15.055555555555555
47501,18001.0,39.1,47391.0,23454.0,2616.0,14.532525970779401
47527,1572.0,40.6,55250.0,26241.0,136.0,8.651399491094148
47552,294.0,52.8,-666666666.0,207327.0,0.0,0.0
47561,1663.0,39.3,54868.0,23915.0,194.0,11.665664461815995
47562,4827.0,33.3,49509.0,21212.0,467.0,9.674746219183758
47580,427.0,37.3,-666666666.0,28905.0,13.0,3.0444964871194378
47581,3853.0,46.0,48520.0,25751.0,556.0,14.430314041007007
47586,10878.0,42.7,50256.0,25801.0,1447.0,13.302077587791873
47916,62.0,23.5,-666666666.0,13115.0,25.0,40.32258064516129
47920,2498.0,41.7,76071.0,33644.0,61.0,2.4419535628502804
47929,710.0,39.7,63125.0,26459.0,52.0,7.323943661971831
47944,3412.0,44.1,43320.0,24589.0,501.0,14.683470105509965
47137,1607.0,46.3,36131.0,19957.0,297.0,18.48164281269446
47112,16246.0,39.4,59250.0,29074.0,1621.0,9.977840699249047
47126,4821.0,40.1,70556.0,30027.0,299.0,6.202032773283551
47138,4892.0,43.3,63673.0,26666.0,244.0,4.987735077677842
47142,1091.0,41.5,52704.0,22780.0,7.0,0.6416131989000916
47145,2024.0,39.7,55375.0,23837.0,277.0,13.685770750988143
47147,1131.0,35.0,48214.0,21138.0,181.0,16.003536693191865
47166,1540.0,44.1,44159.0,24089.0,308.0,20.0
47224,642.0,37.4,45136.0,15881.0,162.0,25.233644859813083
47244,737.0,39.3,49659.0,23775.0,157.0,21.30257801899593
47274,30970.0,38.1,49644.0,24801.0,4684.0,15.12431385211495
47020,1192.0,31.3,44750.0,23932.0,472.0,39.59731543624161
